skills,career
Python; Machine Learning; AI,AI Engineer
HTML; CSS; JavaScript; React,Web Developer
SQL; Excel; Data Visualization,Data Analyst
Networks; Cryptography; Linux,Cybersecurity Engineer
Java; OOP; Spring; Problem Solving,Software Developer
Statistics; R; Python; TensorFlow,Data Scientist
UI/UX; Figma; Creativity; Prototyping,UI/UX Designer
Cloud; AWS; Docker; Kubernetes,Cloud Engineer
Python; NLP; Deep Learning,NLP Engineer
C; Embedded Systems; Microcontrollers,Embedded Systems Engineer
Robotics; Sensors; Control Systems,Robotics Engineer
Business; Finance; Excel; Analysis,Business Analyst
Python; Pandas; Big Data; Spark,Data Engineer
C++; Unreal Engine; Game Design,Game Developer
IoT; Arduino; Networking,IoT Engineer
MATLAB; Control Systems; Signal Processing,Control Engineer
Ethical Hacking; Penetration Testing,Security Analyst
AI; Data Science; Research; Algorithms,Research Scientist
React Native; Flutter; Mobile Design,Mobile App Developer
Leadership; Management; Communication,Project Manager
